st1_pts,st2_pts,st3_pts,st4_pts,st5_pts,st6_pts,st7_pts,st8_pts,st9_pts,st10_pts,st11_pts,st12_pts,st13_pts,st14_pts
2.0616569550602883,2.842645519445675,2.696009986811975,1.4393426063776027,1.792473736588407,1.826828890269232,1.0675412978514254,0.45175133711563376,0.45002684063399645,0.5123819522599691,0.7865050584501925,0.7866169083405551,0.5462158943459444,0.6287838460583592
1.5747933801175704,2.099307875573869,1.5077739191480517,2.1344174714360133,1.481485989128476,1.7096755967176793,2.203460445682398,1.8360624396369574,1.1122547635101547,0.7143071725547276,0.7299956537378535,1.0813263455605135,0.7474312445615932,0.8564594128384208
1.604359146257421,2.0061480901117474,2.1449235147993466,2.2291090296062914,2.5077211819842447,1.8374241700776843,1.4971383238013554,1.6590861202940292,1.4447070912890556,1.8906675750400805,1.6490369286108126,2.1780630592888435,1.366781708301942,1.9221844746220138
2.475690092402389,1.848707470559313,1.51123473497829,1.3447247481293492,1.2564085456765735,1.7004421875327573,2.885114137188779,0.9999405194231706,0.5669283284400845,0.791402285284836,0.6174134070617854,0.5560334180251771,0.6644943319053863,0.51747827816443
1.4671138859971513,1.7684482133730264,2.5794487184546813,2.5460895882527574,1.4592138675356923,1.46624074127798,2.6510661385450014,1.5742634265492328,1.271334841597167,1.3723474270388571,1.0863384107704328,0.9646277659825616,0.6657244423520504,0.950483304020507
1.6375342652751779,1.6452338695338133,1.3898637736052382,2.445885700057533,1.4195667684769033,1.6427123250640958,3.1469139186323027,2.0293066568235583,1.3641389097403567,1.2448531526950937,0.860710860172199,0.8526319511860673,0.8460201070483976,0.9811221065173266
1.7665358506023348,1.5105598544653067,1.8866757258883833,1.9894145619628891,1.9287967341409593,1.9398675896765427,2.4123263877473855,1.7715722034418613,1.2622691608261274,1.888099144769053,1.6227798521303074,2.256007394956529,1.3941077458017108,1.7573151557720834
1.9199013360684376,1.3552473513903351,1.7418639977359913,1.8604840127689029,2.218807154324711,1.6236981075180874,1.58919259542865,1.9038938706493402,1.2730109313600266,2.2130400716515926,1.872814223260919,2.500482663459955,1.5427632328460283,1.7849571109738156
