st1_pts,st2_pts,st3_pts,st4_pts,st5_pts,st6_pts,st7_pts,st8_pts,st9_pts,st10_pts,st11_pts,st12_pts,st13_pts,st14_pts
0.8882394774419415,1.2233485474547405,1.0528914834333565,0.575159458406415,0.7928748628614501,0.6912674529181309,,,,,,,,
0.5063950706062209,0.9235121777769957,0.5831369879691772,0.9116907247043529,0.6087015117965058,0.7814878675391956,0.7805889260769522,0.5554883280393391,,,,,,
0.5085919984847351,0.8004808376867686,0.680396292671264,0.854225294708267,1.0288078895331194,0.7683940973235116,0.4976711568160896,0.6221849449883373,0.5203770519143278,0.7052587713933489,0.42438531925624245,0.47802630893450937,0.34617340258924223,0.44259465500519574
1.0351232878589391,0.8910570969090744,0.7154206708427621,0.6020729900752754,0.5719646698807114,0.7403087341924391,1.0105588242528796,,,,,,,
0.4658816824107487,0.7557632884065515,0.798498059075938,0.9119240685256017,0.5418582009093723,0.6326314975852281,0.9789225758963727,0.503842129710027,0.36229810177548877,0.41471686559106663,,,,
0.6880492047269481,0.7885599844513348,0.581935716549605,1.1090882238320174,0.6903815958642407,0.8296722696798959,1.164659914091059,0.569385391501118,0.48278235675583125,,,,,
0.5632396222228759,0.5859671738177424,0.6464091318195817,0.8070477403602151,0.7486533892412391,0.7987684017586182,0.7361798035396417,0.5944194526552534,0.4435339867887815,0.6087705570984049,0.3906691734456815,0.4864185569377757,0.27777265162279996,0.37664127708354594
0.7968397874882033,0.6121430166019398,0.6452606934602383,0.6904452436308436,0.8915636754001791,0.6757360926439642,0.615155979617729,0.6097826620967091,0.4456578997818677,0.7094904940103115,0.43712327909468374,0.6344442829847721,0.36532646295414445,0.4166919958747557
