st1_pts,st2_pts,st3_pts,st4_pts,st5_pts,st6_pts,st7_pts,st8_pts,st9_pts,st10_pts,st11_pts,st12_pts,st13_pts,st14_pts
0.8839909685372591,1.2163301120367551,1.0503745386799492,0.5815517849175111,0.7901049132084466,0.6980449188905655,,,,,,,,
0.5114284984653624,0.9260672276564271,0.584779750973121,0.9062976391486304,0.6140576815463481,0.7855350186221611,0.7742410982646479,0.5560629222702571,,,,,,
0.520125107862953,0.8159851626966079,0.6843746491672176,0.8617631877405489,1.0136176365183365,0.7806602472216122,0.5341312750438669,0.6198319530953628,0.5220637635204816,0.6951730384645531,0.4149171270380455,0.46689452781449325,0.32955959888149067,0.44955870112500024
1.0289093226758803,0.8922148334364803,0.7137178064019121,0.6082365913818606,0.5788568425249365,0.7513469056870491,0.9873708627038645,,,,,,,
0.47027739457803774,0.771743263691072,0.7955127855311931,0.9090463252975177,0.5493955335730825,0.6377596721976118,0.9592819747180357,0.5084065089301432,0.36706136462412364,0.4177381450323819,,,,
0.6817991119762632,0.7981439479502319,0.5886139009267445,1.106063112337662,0.6936226083090958,0.8317140332386779,1.1473158898684914,0.5692492197187634,0.4738611044704317,,,,,
0.5708827381040321,0.611332421516577,0.6465307423956221,0.8132838903673179,0.749605692764729,0.8050484146295841,0.7407662907998029,0.5959244496589933,0.44449833181493703,0.6139823253106411,0.3819013713266965,0.46528266779370775,0.27153806155074467,0.38339289277906413
0.8077205615385523,0.6227725083192484,0.6388281857683424,0.6974776139509755,0.8955655529798278,0.6853814767490078,0.6341369929308214,0.6074386987755093,0.44591387378846314,0.7128697137223192,0.4278123974880727,0.5981137817915191,0.34064929717246495,0.41069016440529454
