st1_pts,st2_pts,st3_pts,st4_pts,st5_pts,st6_pts,st7_pts,st8_pts,st9_pts,st10_pts,st11_pts,st12_pts,st13_pts,st14_pts
1.4058226233190387,1.638119837083162,1.5069558304921393,1.028588153194383,1.2131514606992284,1.072094645044607,,,,,,,,
1.0198346555276074,1.3324703569455993,1.0436392156854974,1.3981648460739269,1.0370532421749725,1.1860557786928014,1.225087866031623,0.8164027648517576,,,,,,
1.1273619486319528,1.304134818323403,1.2475089217437683,1.4318444360716347,1.597739151569151,1.2635677811594401,0.9581479864538274,0.9336568248918539,0.9452337986583206,1.2268475552443083,0.7965108717313251,1.0785477911710795,0.9943136137706549,1.0249173936677425
1.5361824682192167,1.2904375133130206,1.1502880289282924,1.0410554213602168,0.9610264703431171,1.1072717692147274,1.4699442678541155,,,,,,,
1.0277869315303478,1.2100306942136572,1.3394008089934657,1.4583164948372347,1.0310506029581363,1.073219304422827,1.525819137677449,0.7925040444511803,0.7548110856403276,0.8880469563917651,,,,
1.2233707194296706,1.207902758238122,1.0187563048762505,1.5947112504926966,1.1367113082192943,1.2283354628253869,1.6866324221048319,0.8382803391020301,0.8365079847060286,,,,,
1.1620968226975024,1.0958563519945699,1.2134421157994608,1.4025960744682064,1.2729498443758487,1.2862967690307123,1.2206166117830433,0.8871442118576214,0.8693486663288205,1.1057935361523135,0.7635674077656166,1.070777454227307,0.879453923545773,0.9555562680364607
1.434326000119596,1.129620125450358,1.2127207604357995,1.2659850855662047,1.4426336458333546,1.1533702948686755,1.1063368384470922,0.9348184056781563,0.8699151071154564,1.2420296971563394,0.8066999589995139,1.2719616844008748,1.0535350465142321,1.0070729402046197
