st1_pts,st2_pts,st3_pts,st4_pts,st5_pts,st6_pts,st7_pts,st8_pts,st9_pts,st10_pts,st11_pts,st12_pts,st13_pts,st14_pts
1.3994696117713763,2.091868382557931,1.8273807927350967,0.7867265537020902,1.2098011267032722,1.2254233379113817,0.29888738478080257,-0.31885144817025074,-0.12475167230719629,-0.1579203248339951,0.11535020499699457,0.05317998645549663,-0.0388194552431607,-0.01031017996559389
0.8976157096882764,1.3988389497868094,0.7725074972236513,1.3925587443114935,0.8501218160896726,1.0685236195274361,1.428825582433345,0.9357004162373251,0.5336780721284081,0.0034611662318857535,0.010491494894524648,0.21715249727403393,0.09518153162981612,0.09522558610873108
0.7591428894369328,1.1343264049602997,1.1993934193945428,1.3701892866415466,1.768473472278794,1.0172673939349108,0.5957840082510172,0.5792206336691719,0.7286722822457299,1.0226815142740382,0.7591209897914599,1.0222259050853593,0.4815461565049324,0.7837324540755809
1.7548361513606683,1.1552083806383844,0.8489178247405093,0.6698608931828859,0.6901224385147546,1.1114639942547835,1.9796617837230053,0.21304463406530072,0.02980733802879566,0.11997174556304058,-0.01068494099076174,-0.18049818708600812,0.06911687676106246,-0.11895975726089962
0.6997625438877256,0.9250260931541965,1.6030821935799298,1.683697246018422,0.7311760024639675,0.7632605280161633,1.6859920938300057,0.5781485695383178,0.5721372095004554,0.565529685150188,0.30108388786558943,0.05684591218527329,-0.0205337235345124,0.14064172946716463
0.9764793694696239,0.9021619737484902,0.6868169667191766,1.7474536900192885,0.8408839218047844,1.014843383550837,2.205254937451593,1.1769121034410512,0.7628368662137048,0.5652907635924361,0.17594105620687478,0.06477133398217688,0.22333902848260542,0.26106435893431157
0.9727391351328176,0.5590541382907995,0.9970079633521695,1.0913403644443016,1.2098509782529832,1.1187379300573288,1.4388367866303955,0.7546082464789601,0.5606993863031071,0.9823951878171793,0.7529279686688882,1.1023579242372215,0.5072626130968159,0.7048142674298634
1.1256242433611923,0.4771146518411252,0.8226994865798012,0.9386331183857465,1.452787481741616,0.8300888699117637,0.7882816365501476,0.865147023610576,0.5544412682668358,1.213692443203104,0.9900366580322679,1.3739243390284492,0.593603854400687,0.7409267154937689
