st1_pts,st2_pts,st3_pts,st4_pts,st5_pts,st6_pts,st7_pts,st8_pts,st9_pts,st10_pts,st11_pts,st12_pts,st13_pts,st14_pts
0.7741124603468876,1.40775992591053,1.1177056767008682,0.10685671524398524,0.6277155507999416,0.5710473092923616,-0.5448349629268318,-1.083781142950879,-0.7561325056083562,-0.8698314323140774,-0.5481076286533556,-0.6885067290420371,-0.6808461216444875,-0.7194351305817023
0.1318595345097767,0.638872270928266,-0.05602269138348638,0.6851010221339539,0.23023605978586573,0.34516539770790383,0.6798953162148362,0.04101340429997747,-0.08313080726423262,-0.7601651766542943,-0.7100370456934837,-0.5945465557174664,-0.5747393454327813,-0.6276622715915509
-0.2342679448274066,0.2334986502821543,0.25348804228822897,0.4672986464400609,1.0115829998276558,0.08139979019719366,-0.45974170870152736,-0.526271432995083,0.0097178797237542,0.14047868858890317,-0.09651316406053126,0.0067970702486869206,-0.2427463432194032,-0.10424473457626787
1.1069673854007271,0.42993882829176305,0.16163797081511208,-0.002691533540228424,0.12216049996307116,0.47484841465034067,1.2256589112411376,-0.5866008294255077,-0.5466132256447698,-0.5510639118967011,-0.6688430682610218,-0.9777580141508958,-0.5177918727986719,-0.8869597373146941
-0.19688614570921995,0.057644704870380474,0.7445007566251362,0.8550603166208312,0.030827512357373032,-0.10715511908433548,0.8473354322608144,-0.44037589974182,-0.09516851189789004,-0.2436114508426374,-0.5141335160608057,-0.8861787124341077,-0.7782953741068641,-0.6820230570106635
0.24689694503389661,0.09752601753978661,-0.06267554270156911,1.0571730573213058,0.2517014362267028,0.2756636432091602,1.4148060761163053,0.3499106374777529,0.17999766606988635,-0.14069848127423223,-0.4894757444488164,-0.7282901555986042,-0.39251700838596054,-0.4354621965956168
0.08232380793207007,-0.45786311272620916,0.09746667107907693,0.23020508809329265,0.4981034257516274,0.24379291250910737,0.5335052604120489,-0.29843161117068934,-0.1658656598420556,0.1156121327756824,-0.12281578122794695,0.11912162984927759,-0.2467941229144057,-0.14042855818104705
0.3127065145050173,-0.41683118933212443,-0.13184626903720492,0.05414923005875668,0.7004318323200924,-0.09752356539440556,-0.12036136598064015,-0.1684852283884995,-0.18543601018668893,0.3019292671176059,0.1256648387590361,0.41522322322527366,-0.17085608624357396,-0.11764357587828007
