st1_pts,st2_pts,st3_pts,st4_pts,st5_pts,st6_pts,st7_pts,st8_pts,st9_pts,st10_pts,st11_pts,st12_pts,st13_pts,st14_pts
0.3865958505976939,0.8300024047597986,0.618755100356598,0.11343326928086915,0.3711518832309845,0.29106757812364886,,,,,,,,
-0.016189936303501146,0.48738236138961766,0.10374095536654344,0.43437214279446895,0.16912287710651555,0.37483389455431876,0.34999674165831796,0.28319374855065854,,,,,,
-0.1476276414155238,0.25235273523824353,0.0996494321296485,0.2643046263745028,0.505011850095584,0.23212958085374283,-0.08021934280350035,0.32112686138261326,0.07923952916840801,0.197642134177111,0.08953414461141201,-0.07100947399652531,-0.23035020446593302,-0.16226468487653545
0.5471870158020444,0.48577188104451746,0.29080234657951093,0.15529519873171976,0.1586354279389817,0.35157689113840235,0.6202015612460607,,,,,,,
-0.12266531316778563,0.2376664879329247,0.26484936319927865,0.35832448612037926,0.01796600670020946,0.15814658980574706,0.5043675499247948,0.19609320826906215,-0.04354743705978301,-0.06522013958875567,,,,
0.15011446961877728,0.34965156238606265,0.11099541713173679,0.6450483386151504,0.2454017106627932,0.44320735518711946,0.7042996395012805,0.30942114625960543,0.14203607132253654,,,,,
-0.08593505103435498,-0.014532005952123502,0.09085101613907887,0.19391937024896092,0.20928195247386308,0.2957364677302333,0.22016763529906952,0.2969399588878649,0.01330004026476081,0.10471704312380971,0.043224442344122795,-0.04543448640694003,-0.3054697941111202,-0.21847563369869538
0.1481398171860836,0.06768398821144275,0.08151938229324474,0.1074177254894483,0.3618494422490775,0.15744725174394567,0.07496392171669203,0.296780628952062,0.01227907983823443,0.19259617541254156,0.09178415573056582,0.11249453405511732,-0.22514144554170945,-0.17571585539700965
