st1_pts,st2_pts,st3_pts,st4_pts,st5_pts,st6_pts,st7_pts,st8_pts,st9_pts,st10_pts,st11_pts,st12_pts,st13_pts,st14_pts
1.3891628193168053,2.0743829466543464,1.7812325654490366,0.7944049435162391,1.2063298075413142,1.2393596309737602,0.3195483497447794,-0.3234445244680008,-0.10749251918809967,-0.14200985489843784,0.12192925663594564,0.06273117586695452,-0.0176812087857374,0.0038092064302306314
0.9253278916783028,1.4132026162799567,0.8025957341094709,1.380588508406426,0.8492403206197371,1.098194218124619,1.4205097746552768,0.936642328288912,0.5387313543410542,0.02132000187572731,0.00787818197543166,0.21021665353927685,0.1010569823900955,0.094025181361083
0.8020643965007022,1.1393052929052392,1.1819585746347563,1.380905566410103,1.7586146420209396,1.0565577033556355,0.6555212659858157,0.5868030689688617,0.7324117933082779,1.0226800462717096,0.7470361786439845,0.9923191085621061,0.43334545126408497,0.7101030810474768
1.7343499108267242,1.172254143563939,0.8602427090780063,0.6725819882930828,0.6953112235703443,1.1266260142491065,1.9378762993212202,0.22580500557845357,0.0368439937151386,0.12292513647714481,-0.007411352544769782,-0.16401050802969286,0.06269431137801595,-0.0884314796844602
0.7425553794667821,0.9391689387425078,1.5647891054017808,1.679478299806282,0.7205176000866506,0.8102855629189738,1.6485690497900527,0.5835423458094131,0.5700267948684076,0.5742398057059264,0.3041161254689229,0.06955125249604385,0.008439388841766648,0.1466791116429624
0.9918612252461664,0.9116408365852975,0.7003038784083021,1.7430651633496501,0.8416279184295061,1.0458749866316936,2.169713239928779,1.171243363431787,0.7553757216394501,0.5613081376354971,0.16731636676411643,0.06511652433989215,0.21590068072125548,0.25932941335275944
1.0018515333206346,0.5766368980299523,0.992864382141008,1.0836862111626142,1.2034364680548926,1.1350597008439582,1.4076937997956311,0.7756358673870125,0.563939029374904,0.971554954280875,0.7557306472137664,1.0580338867881882,0.46129791949349563,0.643736717105502
1.1343424134241906,0.4845466396787228,0.8315267141711657,0.9270186338565419,1.452198492229456,0.8633220248775932,0.8087746478466161,0.858935604181978,0.5613016829771439,1.1873060160552216,0.9897130139221098,1.3238734153888725,0.5407739122679882,0.672952050822915
